{
  "users": [
    {
      "id": 0,
      "name": "Test User",
      "username": "user",
      "password": "user",
      "email": "user@test.com",
      "phone": "1-770-736-8031 x56442",
      "website": "testing.org",
      "birth": "01.01.2001"
    },
    {
      "id": 1,
      "name": "Leanne Graham",
      "username": "bret",
      "password": "secret",
      "email": "Sincere@april.biz",
      "phone": "1-770-736-8031 x56442",
      "website": "hildegard.org",
      "birth": "09.04.1980"
    },
    {
      "id": 2,
      "name": "Ervin Howell",
      "username": "antonette",
      "password": "secret",
      "email": "Shanna@melissa.tv",
      "phone": "010-692-6593 x09125",
      "website": "hildegard.org",
      "birth": "14.09.1990"
    },
    {
      "id": 3,
      "name": "Clementine Bauch",
      "username": "samantha",
      "password": "secret",
      "email": "Nathan@yesenia.net",
      "phone": "1-463-123-4447",
      "website": "samantha.tumblr.com",
      "birth": "13.02.1994"
    },
    {
      "id": 4,
      "name": "Patricia Lebsack",
      "username": "karianne",
      "password": "secret",
      "email": "Julianne.OConner@kory.org",
      "phone": "493-170-9623 x156",
      "website": "kale.biz",
      "birth": "28.11.1999"
    },
    {
      "id": 5,
      "name": "Chelsey Dietrich",
      "username": "kamren",
      "password": "secret",
      "email": "Lucio_Hettinger@annie.ca",
      "phone": "(254)954-1289",
      "website": "demarco.info",
      "birth": "03.06.1989"
    }
  ],
  "posts": [
    {
      "title": "Bird Box",
      "body": "The day I’ve dreaded for a long time is finally here. Bird Box, the 2014 post-apocalyptic horror debut novel by Josh Malerman, has been made into a film, and as a diehard fan of the novel, I’m here to give you my verdict after watching the highly anticipated Netflix holiday 2018 release. <br/><br/> Malorie (Sandra Bullock) is pregnant and not looking forward to being a mother. Amidst her life-changing situation, reports of people killing themselves after they see some sort of creature are flooding the airwaves, and soon her hometown. Malorie loses her sister to this threat, and finds refuge in a household of strangers. As the new house mates (who include John Malkovich as Douglas, Danielle Macdonald as fellow expectant mother Olympia, and Lil Rey Howery as Charlie) realize they cannot walk through the world sighted lest they go insane from these creatures, they struggle with this new normal of darkness and blindfolds. Over a span of five years, Malorie must find her maternal instinct, some hope and stay sane to navigate her blind escape to unaffected survivors on a treacherous river journey.",
      "date": "24-02-2019",
      "author": "plyxo",
      "likes": [
        0
      ],
      "id": 1
    },
    {
      "id": 2,
      "title": "The green book",
      "subtitle": "ride through the deep south",
      "author": "typicode-2",
      "body": "<p>Mahershala Ali and Viggo Mortensen are two excellent actors outclassing their material in this amiable, feelgood entertainment, inspired by a true story. Mortensen plays Tony Vallelonga, a 1960s nightclub bouncer from New York who got a job as personal driver and minder to African-American jazz musician Don Shirley (Ali) on a tour through the Jim Crow south – armed with The Green Book, a guide to hotels and restaurants hospitable to black people. The movie, in fact, has its own green book, negotiating subjects and areas where it needs to tread carefully. Class and race aren’t the only issues – there is also sexual identity, which the film touches on once and then moves on without the principals ever saying another word about it.<br/><br/> In real life, Tony became a show business figure, acting in Goodfellas and The Sopranos; he died in 2013 and his son Nick is this film’s producer and co-screenwriter, with Peter Farrelly directing. It’s a standard-issue heartwarmer, a liberal white/black tale like Driving Miss Daisy or the recent The Upside. (There are some eerily close resemblances to the latter film, including a moment in which the servant must teach the master about Aretha Franklin. Tony’s job is to cure Don of his snobbery and emotional frigidity, and Don must cure Tony of his racism and ignorance – although this half of the equation is fudged. In an initial scene, Tony puts a couple of glasses in the bin because his wife has let two black workmen drink out of them. But the level of fanatical racism this implies pretty much vanishes when Tony meets Don. So their road trip to self-discovery begins, and we hold our breath for when the white good-ol’-boy racists inevitably show up, or for when Shirley wishes to use the white bathroom at those grand places where he has been booked to play. <br/><br/>Vallelonga’s nickname is “Tony Lip”; he tells Shirley this is because of his reputation as a bullshitter. Shirley’s surviving relatives have evidently suspected some “lip” in this film, which appears to erase them from the story in the service of exaggerating his redemptive friendship with Tony Well, it’s a handsomely made and watchable picture and there is a real warmth in Ali and Mortensen’s performances.<p>",
      "date": "09-09-2019",
      "likes": [
        3,
        5,
        1
      ]
    },
    {
      "title": "Mary Poppins Returns",
      "subtitle": "not totally expialidocious but still a joy",
      "body": "For decades, I’ve been insisting that Mary Poppins is one of the 10 greatest movies ever made. Despite having watched it 100 times or more, each viewing of Disney’s 1964 masterpiece still reveals something new. Robert Stevenson’s film (from PL Travers’s stories) touched me deeply as a child, and affected me even more profoundly as a father. Just listening to the soundtrack still reduces me to floods of joyful tears.<br/><br/>The good news is that it did not. While it may not be practically perfect in every way, Mary Poppins Returns is never less than perfectly palatable, and in some ways comes close to perfection – practically speaking. If that sounds like damning with faint praise then rest assured; coming from a Poppins obsessive like me, it’s a ringing endorsement.<br/><br/>After a Disney castle logo reconfigured to feature an eerily familiar skyline (a neat touch), director Rob Marshall leads us through the suitably softened streets of 1930s London to the familiar frontage of 17 Cherry Tree Lane. Having raised three children of his own here – Annabel (Pixie Davies), John (Nathanael Saleh) and Georgie (Joel Dawson) – Michael has recently lost his wife and is now in danger of losing the house. An artist at heart, he has followed in his father’s footsteps to the Fidelity Fiduciary Bank, and now needs to find a certificate that proves his father’s ownership of shares. But also like his dad, Michael has lost sight of what truly matters.",
      "date": "05-09-2019",
      "author": "user",
      "likes": [
        1,
        5,
        4
      ],
      "id": 3
    },
    {
      "title": "Dark Phoenix",
      "body": "When Jean Grey was a child, her parents died in a car accident after their daughter’s psychic powers manifested in a way that put mom to sleep behind the wheel. Professor Charles Xavier (James McAvoy) took in the orphaned girl, knowing that he could raise her in a way that controlled her powers, and she became a part of the X-Men, played when she’s older by Sophie Turner. In an early scene in “Dark Phoenix,” the X-Men are sent on a mission to save a crew of a space shuttle that is spinning out of control. Jean Grey, Professor X, Raven (Jennifer Lawrence), Beast (Nicholas Hoult), Cyclops (Tye Sheridan), Quicksilver (Evan Peters), Storm (Alexandra Shipp), and Nightcrawler (Kodi Smit-McPhee) spring into action. What follows is actually the best sequence in the movie as the X-Men combine their powers to save the crew, giving each a brief moment to shine. Jean ends up taking the brunt of what is though to be a solar flare at first but ends up being some sort of interstellar, planet-destroying force. And that force now lives inside Jean.<br/><br/>Renamed the Phoenix by some for the way she cheated death, Jean now has unusual powers that she struggles to control. She’s also flooded by memories of her past that Professor X helped repress, and the combination of her new rage abilities and a sense of betrayal by her father figure leads Phoenix to the dark side. It doesn’t help that an alien being named Vuk (who takes the body of Jessica Chastain) is encouraging Phoenix to go all space-mental, or that our heroine ends up killing someone she once loved. All of this brings Magneto (Michael Fassbender) back into the fold, and a whole lot of things go boom and bam. If you’re even remotely turned off by the trend of blockbusters climaxes that exist almost solely to present CGI versions of things smashing into each other, stay far from “Dark Phoenix.”",
      "date": "05-09-2019",
      "author": "samantha",
      "likes": [],
      "id": 4
    },
    {
      "title": "asd",
      "body": "<p>asda</p>",
      "date": "05-09-2019",
      "author": "samantha",
      "likes": [],
      "id": 5
    }
  ],
  "comments": [
    {
      "id": 1,
      "body": "some first comment",
      "postId": 1,
      "author": "leaxx"
    },
    {
      "id": 2,
      "body": "some second comment",
      "postId": 2,
      "author": "ziro00"
    },
    {
      "id": 3,
      "body": "some third comment",
      "postId": 2,
      "author": "janex93"
    },
    {
      "postId": 3,
      "body": "asd",
      "author": "karianne",
      "likes": 0,
      "id": 5
    },
    {
      "postId": 1,
      "body": "great movie",
      "author": "karianne",
      "likes": 0,
      "id": 6
    },
    {
      "postId": 2,
      "body": "great movie!",
      "author": "samantha",
      "likes": 0,
      "id": 7
    }
  ]
}